{"cameraMode":{"drawMode":0,"name":"Shaded","section":"Shading Mode"},"sceneLighting":true,"audioPlay":false,"sceneViewState":{"showFog":true,"showMaterialUpdate":true,"showSkybox":true,"showFlares":true,"showImageEffects":true,"showParticleSystems":true},"in2DMode":false,"pivot":{"x":-1.6236083507537842,"y":2.6576154232025148,"z":19.058469772338868},"rotation":{"x":0.13243767619132996,"y":0.3017204999923706,"z":-0.04236488789319992,"w":0.9432061910629273},"size":2.3454761505126955,"orthographic":false}