{"cameraMode":{"drawMode":0,"name":"Shaded","section":"Shading Mode"},"sceneLighting":false,"audioPlay":false,"sceneViewState":{"showFog":true,"showMaterialUpdate":true,"showSkybox":false,"showFlares":true,"showImageEffects":true,"showParticleSystems":true},"in2DMode":false,"pivot":{"x":0.18717627227306367,"y":0.3634149432182312,"z":2.4992990493774416},"rotation":{"x":-0.028991421684622766,"y":0.9527567625045776,"z":-0.09637390077114105,"w":-0.2865983843803406},"size":0.19123530387878419,"orthographic":false}