{"cameraMode":{"drawMode":0,"name":"Shaded","section":"Shading Mode"},"sceneLighting":false,"audioPlay":false,"sceneViewState":{"showFog":true,"showMaterialUpdate":true,"showSkybox":false,"showFlares":true,"showImageEffects":true,"showParticleSystems":true},"in2DMode":false,"pivot":{"x":0.0,"y":0.30000001192092898,"z":17.100000381469728},"rotation":{"x":0.2078331857919693,"y":0.3691255450248718,"z":-0.08506672829389572,"w":0.9018402695655823},"size":0.5728221535682678,"orthographic":false}