{"cameraMode":{"drawMode":0,"name":"Shaded","section":"Shading Mode"},"sceneLighting":false,"audioPlay":false,"sceneViewState":{"showFog":true,"showMaterialUpdate":true,"showSkybox":false,"showFlares":true,"showImageEffects":true,"showParticleSystems":true},"in2DMode":false,"pivot":{"x":-0.19909435510635377,"y":0.25402238965034487,"z":5.251827239990234},"rotation":{"x":0.07227782160043717,"y":0.23268388211727143,"z":-0.017343230545520784,"w":0.9697080254554749},"size":0.9943203330039978,"orthographic":false}