{"cameraMode":{"drawMode":0,"name":"Shaded","section":"Shading Mode"},"sceneLighting":false,"audioPlay":false,"sceneViewState":{"showFog":true,"showMaterialUpdate":true,"showSkybox":false,"showFlares":true,"showImageEffects":true,"showParticleSystems":true},"in2DMode":false,"pivot":{"x":-0.30741626024246218,"y":0.42689329385757449,"z":34.20435333251953},"rotation":{"x":0.20674583315849305,"y":0.23792611062526704,"z":-0.05191108584403992,"w":0.94761061668396},"size":0.6943201422691345,"orthographic":false}