{"cameraMode":{"drawMode":0,"name":"Shaded","section":"Shading Mode"},"sceneLighting":false,"audioPlay":false,"sceneViewState":{"showFog":true,"showMaterialUpdate":true,"showSkybox":false,"showFlares":true,"showImageEffects":true,"showParticleSystems":true},"in2DMode":false,"pivot":{"x":0.07155582308769226,"y":-0.21598470211029054,"z":-0.6139097213745117},"rotation":{"x":0.4871578514575958,"y":0.37996605038642886,"z":-0.2480728179216385,"w":0.7461659908294678},"size":0.8617984652519226,"orthographic":false}