{"cameraMode":{"drawMode":0,"name":"Shaded","section":"Shading Mode"},"sceneLighting":false,"audioPlay":false,"sceneViewState":{"showFog":true,"showMaterialUpdate":true,"showSkybox":false,"showFlares":true,"showImageEffects":true,"showParticleSystems":true},"in2DMode":false,"pivot":{"x":0.31125396490097048,"y":0.16512593626976014,"z":14.062979698181153},"rotation":{"x":-0.019492726773023607,"y":0.3717668950557709,"z":0.007808253169059753,"w":0.9280884265899658},"size":0.15065254271030427,"orthographic":false}