{"cameraMode":{"drawMode":0,"name":"Shaded","section":"Shading Mode"},"sceneLighting":false,"audioPlay":false,"sceneViewState":{"showFog":true,"showMaterialUpdate":true,"showSkybox":false,"showFlares":true,"showImageEffects":true,"showParticleSystems":true},"in2DMode":false,"pivot":{"x":0.501092791557312,"y":0.09914135932922363,"z":3.4555513858795168},"rotation":{"x":0.04086063429713249,"y":0.9573442935943604,"z":-0.23003140091896058,"w":0.17005769908428193},"size":0.0600496269762516,"orthographic":false}