{"cameraMode":{"drawMode":0,"name":"Shaded","section":"Shading Mode"},"sceneLighting":false,"audioPlay":false,"sceneViewState":{"showFog":true,"showMaterialUpdate":true,"showSkybox":false,"showFlares":true,"showImageEffects":true,"showParticleSystems":true},"in2DMode":false,"pivot":{"x":0.501092791557312,"y":0.09914135932922363,"z":3.4555513858795168},"rotation":{"x":0.2740890383720398,"y":0.34870609641075137,"z":-0.10741625726222992,"w":0.8898086547851563},"size":0.36004966497421267,"orthographic":false}