{"cameraMode":{"drawMode":0,"name":"Shaded","section":"Shading Mode"},"sceneLighting":false,"audioPlay":false,"sceneViewState":{"showFog":true,"showMaterialUpdate":true,"showSkybox":false,"showFlares":true,"showImageEffects":true,"showParticleSystems":true},"in2DMode":false,"pivot":{"x":0.011000007390975953,"y":-0.050999999046325687,"z":2.2907867431640627},"rotation":{"x":0.08569205552339554,"y":0.8744027614593506,"z":-0.16754087805747987,"w":0.44725099205970766},"size":0.31216639280319216,"orthographic":false}