{"cameraMode":{"drawMode":0,"name":"Shaded","section":"Shading Mode"},"sceneLighting":false,"audioPlay":false,"sceneViewState":{"showFog":true,"showMaterialUpdate":true,"showSkybox":false,"showFlares":true,"showImageEffects":true,"showParticleSystems":true},"in2DMode":false,"pivot":{"x":-0.26163363456726076,"y":0.6499999761581421,"z":11.293999671936036},"rotation":{"x":0.21444281935691834,"y":0.2690174877643585,"z":-0.06157192587852478,"w":0.936941385269165},"size":0.6235383152961731,"orthographic":false}