{"cameraMode":{"drawMode":0,"name":"Shaded","section":"Shading Mode"},"sceneLighting":false,"audioPlay":false,"sceneViewState":{"showFog":true,"showMaterialUpdate":true,"showSkybox":false,"showFlares":true,"showImageEffects":true,"showParticleSystems":true},"in2DMode":false,"pivot":{"x":0.36569005250930788,"y":0.11019609868526459,"z":3.5256714820861818},"rotation":{"x":0.04086063429713249,"y":0.9573442935943604,"z":-0.23003140091896058,"w":0.17005769908428193},"size":0.06687116622924805,"orthographic":false}